country,country_code,year,life_expectancy,mortality_u5,fertility_adolescent
Australia,AUS,1990,76.9946341463415,9.2,22.426
Australia,AUS,1991,77.2756097560976,8.7,22.274
Australia,AUS,1992,77.3780487804878,8.2,22.306
Australia,AUS,1993,77.8780487804878,7.7,21.245
Australia,AUS,1994,77.8780487804878,7.3,20.965
Australia,AUS,1995,77.8292682926829,7.0,20.453
Australia,AUS,1996,78.0780487804878,6.8,20.163
Australia,AUS,1997,78.4804878048781,6.6,19.62
Australia,AUS,1998,78.6317073170732,6.4,18.847
Australia,AUS,1999,78.9317073170732,6.3,18.393
Australia,AUS,2000,79.2341463414634,6.2,17.795
Australia,AUS,2001,79.6341463414634,6.1,17.62
Australia,AUS,2002,79.9365853658537,6.0,17.238
Australia,AUS,2003,80.2390243902439,5.9,16.34
Australia,AUS,2004,80.490243902439,5.8,16.144
Australia,AUS,2005,80.8414634146341,5.7,16.491
Australia,AUS,2006,81.0414634146342,5.6,16.11
Australia,AUS,2007,81.2926829268293,5.4,17.127
Australia,AUS,2008,81.3951219512195,5.2,18.189
Australia,AUS,2009,81.5439024390244,5.0,17.814
Australia,AUS,2010,81.6951219512195,4.8,17.069
Australia,AUS,2011,81.8951219512195,4.5,16.307
Australia,AUS,2012,82.0463414634146,4.3,16.038
Australia,AUS,2013,82.1487804878049,4.1,14.697
Australia,AUS,2014,82.3,4.0,13.072
Australia,AUS,2015,82.4,3.9,12.038
Australia,AUS,2016,82.4487804878049,3.8,10.939
Australia,AUS,2017,82.5,3.8,10.235
Australia,AUS,2018,82.7487804878049,3.8,9.741
Australia,AUS,2019,82.9,3.8,8.763
Australia,AUS,2020,83.2,3.8,7.726
Australia,AUS,2021,83.3,3.7,7.089
Australia,AUS,2022,83.2,3.7,6.747
Australia,AUS,2023,83.0512195121951,3.7,6.715
Australia,AUS,2024,83.0512195121951,3.6,6.419
Bangladesh,BGD,1990,55.822,146.5,178.305
Bangladesh,BGD,1991,53.781,140.3,170.848
Bangladesh,BGD,1992,56.592,134.1,170.559
Bangladesh,BGD,1993,57.073,127.8,167.118
Bangladesh,BGD,1994,57.64,121.6,163.261
Bangladesh,BGD,1995,58.244,115.5,160.034
Bangladesh,BGD,1996,58.94,109.4,154.635
Bangladesh,BGD,1997,59.671,103.3,154.369
Bangladesh,BGD,1998,60.429,97.1,154.148
Bangladesh,BGD,1999,61.244,91.2,151.983
Bangladesh,BGD,2000,62.049,85.5,152.641
Bangladesh,BGD,2001,62.836,80.2,147.804
Bangladesh,BGD,2002,63.591,75.3,142.0
Bangladesh,BGD,2003,64.288,70.8,139.872
Bangladesh,BGD,2004,64.912,66.8,138.184
Bangladesh,BGD,2005,65.509,63.0,126.555
Bangladesh,BGD,2006,66.048,59.6,124.43
Bangladesh,BGD,2007,66.458,56.5,126.819
Bangladesh,BGD,2008,67.047,53.6,119.728
Bangladesh,BGD,2009,67.527,51.1,115.797
Bangladesh,BGD,2010,68.009,48.7,115.018
Bangladesh,BGD,2011,68.499,46.5,105.382
Bangladesh,BGD,2012,68.989,44.4,104.552
Bangladesh,BGD,2013,69.487,42.4,102.256
Bangladesh,BGD,2014,70.016,40.5,91.829
Bangladesh,BGD,2015,70.543,38.5,89.274
Bangladesh,BGD,2016,71.075,36.7,87.837
Bangladesh,BGD,2017,71.606,35.0,82.215
Bangladesh,BGD,2018,72.122,33.5,80.415
Bangladesh,BGD,2019,72.625,32.3,79.151
Bangladesh,BGD,2020,71.421,31.4,79.184
Bangladesh,BGD,2021,71.103,30.9,75.962
Bangladesh,BGD,2022,74.265,30.7,73.128
Bangladesh,BGD,2023,74.672,30.6,73.179
Bangladesh,BGD,2024,74.93,30.5,70.813
Brunei Darussalam,BRN,1990,71.629,13.3,37.789
Brunei Darussalam,BRN,1991,71.858,13.2,37.448
Brunei Darussalam,BRN,1992,72.09,13.1,37.007
Brunei Darussalam,BRN,1993,72.333,12.9,34.978
Brunei Darussalam,BRN,1994,72.571,12.7,33.025
Brunei Darussalam,BRN,1995,72.838,12.3,31.188
Brunei Darussalam,BRN,1996,73.079,11.9,29.472
Brunei Darussalam,BRN,1997,73.326,11.4,29.067
Brunei Darussalam,BRN,1998,73.584,11.0,30.184
Brunei Darussalam,BRN,1999,73.806,10.6,30.372
Brunei Darussalam,BRN,2000,74.017,10.3,30.526
Brunei Darussalam,BRN,2001,74.209,10.0,28.159
Brunei Darussalam,BRN,2002,74.365,9.8,25.011
Brunei Darussalam,BRN,2003,74.509,9.7,22.586
Brunei Darussalam,BRN,2004,74.603,9.6,20.324
Brunei Darussalam,BRN,2005,74.683,9.5,18.238
Brunei Darussalam,BRN,2006,74.753,9.5,16.471
Brunei Darussalam,BRN,2007,74.793,9.6,16.392
Brunei Darussalam,BRN,2008,74.814,9.6,15.882
Brunei Darussalam,BRN,2009,74.814,9.7,15.572
Brunei Darussalam,BRN,2010,74.82,9.9,15.228
Brunei Darussalam,BRN,2011,74.835,10.0,14.902
Brunei Darussalam,BRN,2012,74.843,10.2,14.838
Brunei Darussalam,BRN,2013,74.854,10.4,13.775
Brunei Darussalam,BRN,2014,74.862,10.6,12.55
Brunei Darussalam,BRN,2015,74.88,10.7,11.886
Brunei Darussalam,BRN,2016,74.905,10.7,11.062
Brunei Darussalam,BRN,2017,74.943,10.7,10.491
Brunei Darussalam,BRN,2018,74.992,10.6,10.29
Brunei Darussalam,BRN,2019,75.049,10.5,10.042
Brunei Darussalam,BRN,2020,75.114,10.4,8.847
Brunei Darussalam,BRN,2021,74.869,10.3,8.581
Brunei Darussalam,BRN,2022,72.917,10.2,8.589
Brunei Darussalam,BRN,2023,75.327,10.1,8.518
Brunei Darussalam,BRN,2024,75.501,9.9,8.051
Bhutan,BTN,1990,55.811,128.0,95.604
Bhutan,BTN,1991,56.451,122.4,92.975
Bhutan,BTN,1992,57.208,117.2,89.806
Bhutan,BTN,1993,57.906,112.1,86.452
Bhutan,BTN,1994,58.395,107.0,82.988
Bhutan,BTN,1995,59.277,102.0,78.959
Bhutan,BTN,1996,59.982,96.9,74.693
Bhutan,BTN,1997,60.639,92.0,70.003
Bhutan,BTN,1998,61.322,87.1,66.076
Bhutan,BTN,1999,62.032,82.2,61.956
Bhutan,BTN,2000,61.842,77.7,58.015
Bhutan,BTN,2001,63.323,73.2,53.936
Bhutan,BTN,2002,63.984,68.8,49.647
Bhutan,BTN,2003,64.662,64.6,46.144
Bhutan,BTN,2004,65.29,60.6,43.964
Bhutan,BTN,2005,65.875,56.7,42.66
Bhutan,BTN,2006,66.499,52.9,41.597
Bhutan,BTN,2007,67.152,49.5,40.63
Bhutan,BTN,2008,67.733,46.2,38.59
Bhutan,BTN,2009,68.156,43.3,36.3
Bhutan,BTN,2010,68.765,40.5,31.864
Bhutan,BTN,2011,69.28,37.9,27.948
Bhutan,BTN,2012,69.759,35.5,24.734
Bhutan,BTN,2013,70.161,33.2,22.16
Bhutan,BTN,2014,70.504,31.2,19.307
Bhutan,BTN,2015,70.797,29.2,16.456
Bhutan,BTN,2016,71.119,27.4,14.108
Bhutan,BTN,2017,71.413,25.8,11.332
Bhutan,BTN,2018,71.711,24.2,9.369
Bhutan,BTN,2019,72.005,22.7,8.139
Bhutan,BTN,2020,72.253,21.3,8.74
Bhutan,BTN,2021,72.448,20.0,9.645
Bhutan,BTN,2022,72.754,19.0,9.388
Bhutan,BTN,2023,72.975,18.0,9.364
Bhutan,BTN,2024,73.262,17.2,8.712
China,CHN,1990,68.155,53.6,23.214
China,CHN,1991,68.61,53.0,18.812
China,CHN,1992,69.059,52.1,16.081
China,CHN,1993,69.492,50.8,13.469
China,CHN,1994,69.835,49.2,8.754
China,CHN,1995,70.363,47.4,8.652
China,CHN,1996,70.823,45.5,7.318
China,CHN,1997,71.227,43.5,6.427
China,CHN,1998,71.601,41.4,4.673
China,CHN,1999,71.952,39.1,6.163
China,CHN,2000,72.288,36.6,6.444
China,CHN,2001,72.675,34.1,6.104
China,CHN,2002,73.034,31.4,6.122
China,CHN,2003,73.385,28.8,6.459
China,CHN,2004,73.727,26.3,5.638
China,CHN,2005,74.085,24.0,6.645
China,CHN,2006,74.404,21.9,8.5
China,CHN,2007,74.789,20.1,9.141
China,CHN,2008,74.833,18.5,11.026
China,CHN,2009,75.317,17.1,11.994
China,CHN,2010,75.668,15.7,12.158
China,CHN,2011,75.889,14.6,11.801
China,CHN,2012,76.2,13.5,12.534
China,CHN,2013,76.452,12.5,11.976
China,CHN,2014,76.714,11.6,12.049
China,CHN,2015,76.975,10.7,10.887
China,CHN,2016,77.214,10.0,10.747
China,CHN,2017,77.235,9.3,10.236
China,CHN,2018,77.709,8.6,8.691
China,CHN,2019,77.94,8.0,8.277
China,CHN,2020,78.019,7.5,6.737
China,CHN,2021,78.117,7.0,5.996
China,CHN,2022,78.202,6.6,5.463
China,CHN,2023,77.953,6.1,5.227
China,CHN,2024,78.017,5.7,5.202
Fiji,FJI,1990,65.056,28.8,68.24
Fiji,FJI,1991,65.457,27.8,64.345
Fiji,FJI,1992,65.407,26.7,60.933
Fiji,FJI,1993,65.51,25.9,58.168
Fiji,FJI,1994,65.796,25.1,55.907
Fiji,FJI,1995,66.007,24.4,54.582
Fiji,FJI,1996,66.202,23.8,51.971
Fiji,FJI,1997,66.293,23.4,47.93
Fiji,FJI,1998,66.536,23.0,45.739
Fiji,FJI,1999,66.728,22.8,45.408
Fiji,FJI,2000,66.194,22.6,43.472
Fiji,FJI,2001,66.205,22.6,42.325
Fiji,FJI,2002,65.492,22.7,40.957
Fiji,FJI,2003,65.653,22.8,38.589
Fiji,FJI,2004,65.841,23.1,35.42
Fiji,FJI,2005,65.983,23.3,34.654
Fiji,FJI,2006,66.126,23.5,34.056
Fiji,FJI,2007,66.161,23.5,33.013
Fiji,FJI,2008,66.32,23.2,31.296
Fiji,FJI,2009,66.347,22.8,32.218
Fiji,FJI,2010,66.778,22.2,33.021
Fiji,FJI,2011,66.88,21.6,33.308
Fiji,FJI,2012,65.812,21.0,34.056
Fiji,FJI,2013,66.545,20.7,35.093
Fiji,FJI,2014,66.581,20.6,28.784
Fiji,FJI,2015,66.48,20.9,23.729
Fiji,FJI,2016,66.657,21.6,21.943
Fiji,FJI,2017,67.06,22.7,21.218
Fiji,FJI,2018,66.965,24.2,21.827
Fiji,FJI,2019,67.009,25.7,22.047
Fiji,FJI,2020,66.924,27.2,21.695
Fiji,FJI,2021,64.904,28.3,21.553
Fiji,FJI,2022,67.148,28.9,21.271
Fiji,FJI,2023,67.316,29.2,21.169
Fiji,FJI,2024,67.463,29.1,20.905
"Micronesia, Fed. Sts.",FSM,1990,63.722,49.2,65.93
"Micronesia, Fed. Sts.",FSM,1991,63.881,48.1,63.993
"Micronesia, Fed. Sts.",FSM,1992,63.996,47.0,62.016
"Micronesia, Fed. Sts.",FSM,1993,64.041,46.1,61.742
"Micronesia, Fed. Sts.",FSM,1994,64.082,45.2,61.47
"Micronesia, Fed. Sts.",FSM,1995,64.142,44.3,62.34
"Micronesia, Fed. Sts.",FSM,1996,64.253,43.3,63.648
"Micronesia, Fed. Sts.",FSM,1997,64.371,42.1,64.791
"Micronesia, Fed. Sts.",FSM,1998,64.509,40.9,66.639
"Micronesia, Fed. Sts.",FSM,1999,64.626,39.8,66.669
"Micronesia, Fed. Sts.",FSM,2000,64.317,38.6,70.397
"Micronesia, Fed. Sts.",FSM,2001,64.801,37.7,69.424
"Micronesia, Fed. Sts.",FSM,2002,63.907,41.5,64.672
"Micronesia, Fed. Sts.",FSM,2003,64.915,36.4,64.317
"Micronesia, Fed. Sts.",FSM,2004,64.898,36.1,60.833
"Micronesia, Fed. Sts.",FSM,2005,64.906,35.9,58.272
"Micronesia, Fed. Sts.",FSM,2006,64.859,35.9,55.7
"Micronesia, Fed. Sts.",FSM,2007,64.844,35.6,53.42
"Micronesia, Fed. Sts.",FSM,2008,64.849,35.3,51.764
"Micronesia, Fed. Sts.",FSM,2009,64.865,34.8,50.541
"Micronesia, Fed. Sts.",FSM,2010,64.892,34.1,50.37
"Micronesia, Fed. Sts.",FSM,2011,64.969,33.4,50.292
"Micronesia, Fed. Sts.",FSM,2012,65.08,32.6,49.733
"Micronesia, Fed. Sts.",FSM,2013,65.179,31.6,48.608
"Micronesia, Fed. Sts.",FSM,2014,65.294,30.7,47.844
"Micronesia, Fed. Sts.",FSM,2015,65.306,29.8,47.592
"Micronesia, Fed. Sts.",FSM,2016,65.576,28.9,47.72
"Micronesia, Fed. Sts.",FSM,2017,65.761,28.1,47.729
"Micronesia, Fed. Sts.",FSM,2018,65.943,27.3,46.866
"Micronesia, Fed. Sts.",FSM,2019,66.196,26.4,45.7
"Micronesia, Fed. Sts.",FSM,2020,65.878,25.6,44.646
"Micronesia, Fed. Sts.",FSM,2021,66.152,24.7,44.033
"Micronesia, Fed. Sts.",FSM,2022,66.961,23.9,43.998
"Micronesia, Fed. Sts.",FSM,2023,67.198,23.1,43.719
"Micronesia, Fed. Sts.",FSM,2024,67.357,22.4,43.692
Indonesia,IDN,1990,63.249,83.2,74.849
Indonesia,IDN,1991,63.703,79.4,72.293
Indonesia,IDN,1992,64.182,75.8,68.456
Indonesia,IDN,1993,64.851,72.2,65.434
Indonesia,IDN,1994,65.041,68.8,64.403
Indonesia,IDN,1995,65.263,65.5,63.923
Indonesia,IDN,1996,65.465,62.4,61.498
Indonesia,IDN,1997,65.774,59.4,59.248
Indonesia,IDN,1998,65.942,56.6,56.663
Indonesia,IDN,1999,66.001,53.9,54.825
Indonesia,IDN,2000,66.292,51.4,53.853
Indonesia,IDN,2001,66.583,49.0,53.016
Indonesia,IDN,2002,66.954,46.7,51.763
Indonesia,IDN,2003,67.134,44.6,50.413
Indonesia,IDN,2004,65.521,48.6,48.211
Indonesia,IDN,2005,67.531,40.7,48.096
Indonesia,IDN,2006,67.664,38.9,47.766
Indonesia,IDN,2007,67.914,37.2,47.667
Indonesia,IDN,2008,68.085,35.6,46.292
Indonesia,IDN,2009,68.267,34.1,45.594
Indonesia,IDN,2010,68.364,32.6,45.68
Indonesia,IDN,2011,68.629,31.2,45.593
Indonesia,IDN,2012,68.862,29.9,44.616
Indonesia,IDN,2013,69.064,28.6,42.675
Indonesia,IDN,2014,69.292,27.3,40.126
Indonesia,IDN,2015,69.52,26.1,37.861
Indonesia,IDN,2016,69.733,25.0,35.356
Indonesia,IDN,2017,69.953,23.8,32.792
Indonesia,IDN,2018,70.08,22.8,30.648
Indonesia,IDN,2019,70.349,21.8,28.876
Indonesia,IDN,2020,68.817,20.8,27.176
Indonesia,IDN,2021,67.452,19.9,26.824
Indonesia,IDN,2022,70.925,19.1,26.581
Indonesia,IDN,2023,71.146,18.4,26.419
Indonesia,IDN,2024,71.288,17.7,25.646
India,IND,1990,58.618,127.0,138.201
India,IND,1991,59.032,123.4,141.481
India,IND,1992,59.445,119.9,140.18
India,IND,1993,59.823,116.5,135.353
India,IND,1994,60.237,113.1,136.001
India,IND,1995,60.63,109.7,134.75
India,IND,1996,61.027,106.2,126.782
India,IND,1997,61.439,102.7,122.581
India,IND,1998,61.852,99.1,122.611
India,IND,1999,62.284,95.4,116.902
India,IND,2000,62.749,91.8,114.352
India,IND,2001,63.158,88.1,112.043
India,IND,2002,63.649,84.6,105.119
India,IND,2003,64.086,81.1,97.366
India,IND,2004,64.484,77.7,83.5
India,IND,2005,64.939,74.3,64.678
India,IND,2006,65.373,71.0,55.76
India,IND,2007,65.803,67.8,51.987
India,IND,2008,66.247,64.5,54.289
India,IND,2009,66.7,61.2,46.696
India,IND,2010,67.162,58.1,41.719
India,IND,2011,67.623,55.0,40.795
India,IND,2012,68.076,52.0,39.533
India,IND,2013,68.499,49.1,35.326
India,IND,2014,68.932,46.4,28.806
India,IND,2015,69.326,43.7,18.194
India,IND,2016,69.709,41.3,14.535
India,IND,2017,70.068,39.0,15.166
India,IND,2018,70.415,36.9,15.133
India,IND,2019,70.746,34.9,14.796
India,IND,2020,70.156,33.0,14.423
India,IND,2021,67.282,31.2,14.289
India,IND,2022,71.698,29.5,14.185
India,IND,2023,72.003,28.0,14.06
India,IND,2024,72.235,26.6,13.036
Japan,JPN,1990,78.8370731707317,6.3,3.556
Japan,JPN,1991,79.0368292682927,6.2,3.866
Japan,JPN,1992,79.080243902439,6.1,4.07
Japan,JPN,1993,79.3036585365854,6.0,4.101
Japan,JPN,1994,79.6968292682927,5.9,4.146
Japan,JPN,1995,79.5360975609756,5.7,4.049
Japan,JPN,1996,80.219756097561,5.5,4.12
Japan,JPN,1997,80.4241463414634,5.2,4.459
Japan,JPN,1998,80.5014634146342,5.0,4.802
Japan,JPN,1999,80.4609756097561,4.7,5.08
Japan,JPN,2000,81.0760975609756,4.5,5.532
Japan,JPN,2001,81.4163414634146,4.3,5.972
Japan,JPN,2002,81.6907317073171,4.1,6.225
Japan,JPN,2003,81.76,4.0,5.982
Japan,JPN,2004,82.030243902439,3.9,5.775
Japan,JPN,2005,81.9551219512195,3.7,5.367
Japan,JPN,2006,82.3219512195122,3.6,5.246
Japan,JPN,2007,82.5070731707317,3.5,5.145
Japan,JPN,2008,82.5875609756098,3.4,5.168
Japan,JPN,2009,82.9314634146342,3.4,4.914
Japan,JPN,2010,82.8426829268293,3.3,4.603
Japan,JPN,2011,82.5912195121951,3.3,4.477
Japan,JPN,2012,83.0960975609756,3.1,4.332
Japan,JPN,2013,83.3319512195122,3.0,4.361
Japan,JPN,2014,83.5878048780488,2.9,4.325
Japan,JPN,2015,83.7939024390244,2.8,4.04
Japan,JPN,2016,83.9848780487805,2.7,3.75
Japan,JPN,2017,84.099756097561,2.6,3.404
Japan,JPN,2018,84.2109756097561,2.5,3.076
Japan,JPN,2019,84.3563414634146,2.5,2.772
Japan,JPN,2020,84.56,2.4,2.503
Japan,JPN,2021,84.4456097560976,2.4,2.088
Japan,JPN,2022,83.9963414634146,2.4,1.821
Japan,JPN,2023,84.0412195121951,2.4,1.737
Japan,JPN,2024,84.0363414634146,2.4,1.631
Cambodia,KHM,1990,55.205,116.3,84.514
Cambodia,KHM,1991,55.582,116.3,91.541
Cambodia,KHM,1992,55.747,116.4,96.633
Cambodia,KHM,1993,56.036,117.0,87.32
Cambodia,KHM,1994,56.221,118.0,78.843
Cambodia,KHM,1995,56.562,119.0,65.208
Cambodia,KHM,1996,56.832,119.5,53.766
Cambodia,KHM,1997,57.266,118.8,52.698
Cambodia,KHM,1998,57.859,116.5,54.096
Cambodia,KHM,1999,58.611,112.1,53.484
Cambodia,KHM,2000,59.491,105.2,54.734
Cambodia,KHM,2001,60.457,96.0,56.35
Cambodia,KHM,2002,61.395,86.2,52.181
Cambodia,KHM,2003,62.345,77.5,50.286
Cambodia,KHM,2004,63.256,70.4,45.903
Cambodia,KHM,2005,64.113,64.4,44.582
Cambodia,KHM,2006,64.886,59.3,46.624
Cambodia,KHM,2007,65.549,54.9,47.422
Cambodia,KHM,2008,66.147,50.8,46.006
Cambodia,KHM,2009,66.747,47.0,46.478
Cambodia,KHM,2010,67.311,43.5,49.114
Cambodia,KHM,2011,67.869,40.3,50.152
Cambodia,KHM,2012,68.371,37.2,53.533
Cambodia,KHM,2013,68.755,34.5,55.19
Cambodia,KHM,2014,69.117,32.0,54.465
Cambodia,KHM,2015,69.398,29.6,53.572
Cambodia,KHM,2016,69.635,27.5,52.522
Cambodia,KHM,2017,69.842,25.6,51.735
Cambodia,KHM,2018,69.993,24.1,51.007
Cambodia,KHM,2019,70.127,22.8,50.2
Cambodia,KHM,2020,70.059,21.8,48.594
Cambodia,KHM,2021,69.301,20.8,47.847
Cambodia,KHM,2022,70.528,19.9,47.089
Cambodia,KHM,2023,70.668,19.1,46.89
Cambodia,KHM,2024,70.817,18.4,47.306
Kiribati,KIR,1990,61.018,91.2,66.988
Kiribati,KIR,1991,61.502,87.5,62.489
Kiribati,KIR,1992,61.968,84.2,56.451
Kiribati,KIR,1993,62.406,81.2,50.655
Kiribati,KIR,1994,62.797,78.5,47.336
Kiribati,KIR,1995,63.146,76.1,46.843
Kiribati,KIR,1996,63.47,73.9,49.674
Kiribati,KIR,1997,63.797,71.9,49.917
Kiribati,KIR,1998,64.1,69.8,50.195
Kiribati,KIR,1999,64.393,67.8,50.324
Kiribati,KIR,2000,64.674,65.8,48.544
Kiribati,KIR,2001,64.918,64.1,47.285
Kiribati,KIR,2002,65.123,62.5,45.792
Kiribati,KIR,2003,65.287,61.4,44.694
Kiribati,KIR,2004,65.416,60.7,45.278
Kiribati,KIR,2005,65.517,60.1,45.484
Kiribati,KIR,2006,65.601,59.7,46.736
Kiribati,KIR,2007,65.677,59.2,48.482
Kiribati,KIR,2008,65.746,58.7,50.22
Kiribati,KIR,2009,65.808,58.2,51.16
Kiribati,KIR,2010,65.859,57.7,51.756
Kiribati,KIR,2011,65.896,57.5,52.558
Kiribati,KIR,2012,65.908,57.4,51.537
Kiribati,KIR,2013,65.898,57.7,50.457
Kiribati,KIR,2014,65.869,58.0,49.826
Kiribati,KIR,2015,65.831,58.6,49.505
Kiribati,KIR,2016,65.799,59.1,49.553
Kiribati,KIR,2017,65.787,59.6,49.685
Kiribati,KIR,2018,65.807,59.6,49.683
Kiribati,KIR,2019,65.866,59.1,49.038
Kiribati,KIR,2020,65.205,58.3,47.872
Kiribati,KIR,2021,64.148,57.2,46.388
Kiribati,KIR,2022,66.269,55.9,45.011
Kiribati,KIR,2023,66.473,54.5,44.026
Kiribati,KIR,2024,66.6,53.1,44.037
"Korea, Rep.",KOR,1990,71.5975609756098,15.7,4.274
"Korea, Rep.",KOR,1991,72.0463414634146,14.5,4.293
"Korea, Rep.",KOR,1992,72.4975609756098,13.3,4.483
"Korea, Rep.",KOR,1993,72.9975609756098,12.3,4.274
"Korea, Rep.",KOR,1994,73.3975609756098,11.4,3.877
"Korea, Rep.",KOR,1995,73.7,10.5,3.562
"Korea, Rep.",KOR,1996,74.1512195121951,9.8,3.31
"Korea, Rep.",KOR,1997,74.6024390243903,9.1,3.099
"Korea, Rep.",KOR,1998,75.0048780487805,8.5,2.917
"Korea, Rep.",KOR,1999,75.409756097561,8.0,2.762
"Korea, Rep.",KOR,2000,75.909756097561,7.6,2.672
"Korea, Rep.",KOR,2001,76.4121951219512,7.2,2.533
"Korea, Rep.",KOR,2002,76.7658536585366,6.8,2.719
"Korea, Rep.",KOR,2003,77.2146341463415,6.4,2.542
"Korea, Rep.",KOR,2004,77.6658536585366,6.0,2.346
"Korea, Rep.",KOR,2005,78.1682926829268,5.6,2.187
"Korea, Rep.",KOR,2006,78.6682926829268,5.2,2.178
"Korea, Rep.",KOR,2007,79.119512195122,4.8,2.113
"Korea, Rep.",KOR,2008,79.5170731707317,4.5,1.725
"Korea, Rep.",KOR,2009,79.9682926829268,4.3,1.69
"Korea, Rep.",KOR,2010,80.1170731707317,4.1,1.764
"Korea, Rep.",KOR,2011,80.5682926829269,4.0,1.853
"Korea, Rep.",KOR,2012,80.819512195122,3.8,1.743
"Korea, Rep.",KOR,2013,81.2707317073171,3.7,1.739
"Korea, Rep.",KOR,2014,81.7219512195122,3.6,1.797
"Korea, Rep.",KOR,2015,82.0243902439024,3.5,1.638
"Korea, Rep.",KOR,2016,82.2756097560976,3.4,1.478
"Korea, Rep.",KOR,2017,82.6268292682927,3.3,1.126
"Korea, Rep.",KOR,2018,82.6268292682927,3.2,1.179
"Korea, Rep.",KOR,2019,83.2268292682927,3.1,0.925
"Korea, Rep.",KOR,2020,83.4268292682927,3.1,0.799
"Korea, Rep.",KOR,2021,83.5268292682927,3.0,0.539
"Korea, Rep.",KOR,2022,82.6804878048781,2.9,0.651
"Korea, Rep.",KOR,2023,83.4292682926829,2.9,0.537
"Korea, Rep.",KOR,2024,83.6292682926829,2.8,0.532
Lao PDR,LAO,1990,54.035,148.9,105.778
Lao PDR,LAO,1991,54.7,143.6,108.239
Lao PDR,LAO,1992,55.098,138.2,108.952
Lao PDR,LAO,1993,55.583,133.0,112.325
Lao PDR,LAO,1994,55.81,127.8,110.768
Lao PDR,LAO,1995,56.344,123.0,107.892
Lao PDR,LAO,1996,56.821,118.1,105.676
Lao PDR,LAO,1997,57.302,113.5,103.66
Lao PDR,LAO,1998,57.549,109.0,101.636
Lao PDR,LAO,1999,57.866,104.5,101.823
Lao PDR,LAO,2000,58.317,100.1,101.105
Lao PDR,LAO,2001,58.887,95.6,99.656
Lao PDR,LAO,2002,59.302,91.1,95.5
Lao PDR,LAO,2003,59.643,86.6,93.292
Lao PDR,LAO,2004,60.08,82.1,93.126
Lao PDR,LAO,2005,60.688,77.7,88.404
Lao PDR,LAO,2006,61.074,73.5,89.356
Lao PDR,LAO,2007,61.694,69.5,90.611
Lao PDR,LAO,2008,62.248,65.5,90.611
Lao PDR,LAO,2009,63.023,61.8,90.441
Lao PDR,LAO,2010,63.69,58.4,89.466
Lao PDR,LAO,2011,64.505,55.1,88.803
Lao PDR,LAO,2012,65.126,52.1,87.613
Lao PDR,LAO,2013,65.723,49.4,86.643
Lao PDR,LAO,2014,66.35,46.8,84.405
Lao PDR,LAO,2015,66.688,44.4,84.784
Lao PDR,LAO,2016,67.014,42.2,84.146
Lao PDR,LAO,2017,67.345,40.2,84.125
Lao PDR,LAO,2018,67.594,38.3,84.175
Lao PDR,LAO,2019,67.911,36.5,84.037
Lao PDR,LAO,2020,68.339,34.8,83.548
Lao PDR,LAO,2021,67.807,33.2,82.821
Lao PDR,LAO,2022,68.715,31.8,82.431
Lao PDR,LAO,2023,68.964,30.5,81.654
Lao PDR,LAO,2024,69.225,29.4,81.928
Sri Lanka,LKA,1990,69.239,23.3,29.717
Sri Lanka,LKA,1991,69.131,23.2,28.567
Sri Lanka,LKA,1992,69.619,22.9,28.185
Sri Lanka,LKA,1993,70.049,22.2,28.239
Sri Lanka,LKA,1994,70.211,21.4,28.844
Sri Lanka,LKA,1995,69.746,20.5,29.03
Sri Lanka,LKA,1996,69.841,19.5,28.339
Sri Lanka,LKA,1997,69.934,18.6,28.134
Sri Lanka,LKA,1998,70.134,17.6,27.759
Sri Lanka,LKA,1999,70.427,16.9,28.917
Sri Lanka,LKA,2000,71.179,16.3,29.844
Sri Lanka,LKA,2001,71.804,15.8,30.212
Sri Lanka,LKA,2002,72.271,15.5,29.29
Sri Lanka,LKA,2003,72.442,15.2,27.838
Sri Lanka,LKA,2004,68.022,29.0,26.33
Sri Lanka,LKA,2005,73.073,14.0,24.289
Sri Lanka,LKA,2006,72.825,13.3,22.235
Sri Lanka,LKA,2007,72.983,12.6,21.706
Sri Lanka,LKA,2008,72.556,12.0,20.864
Sri Lanka,LKA,2009,70.298,21.5,21.564
Sri Lanka,LKA,2010,74.463,11.2,21.712
Sri Lanka,LKA,2011,74.74,10.8,21.316
Sri Lanka,LKA,2012,75.187,10.3,20.875
Sri Lanka,LKA,2013,75.546,9.8,19.785
Sri Lanka,LKA,2014,75.757,9.2,18.08
Sri Lanka,LKA,2015,75.99,8.7,17.041
Sri Lanka,LKA,2016,76.136,8.3,16.485
Sri Lanka,LKA,2017,76.239,7.9,16.218
Sri Lanka,LKA,2018,76.485,7.6,15.778
Sri Lanka,LKA,2019,76.698,7.2,15.602
Sri Lanka,LKA,2020,76.928,6.9,15.465
Sri Lanka,LKA,2021,76.278,6.6,15.401
Sri Lanka,LKA,2022,77.3,6.3,15.122
Sri Lanka,LKA,2023,77.483,6.1,15.091
Sri Lanka,LKA,2024,77.672,5.9,14.719
Maldives,MDV,1990,63.148,87.0,130.449
Maldives,MDV,1991,63.911,82.1,118.672
Maldives,MDV,1992,64.664,77.4,107.264
Maldives,MDV,1993,65.434,72.7,96.979
Maldives,MDV,1994,66.197,68.0,87.385
Maldives,MDV,1995,66.962,63.1,73.12
Maldives,MDV,1996,67.734,58.3,58.862
Maldives,MDV,1997,68.517,53.5,50.02
Maldives,MDV,1998,69.303,48.8,43.673
Maldives,MDV,1999,70.157,44.1,36.149
Maldives,MDV,2000,70.892,39.5,30.18
Maldives,MDV,2001,71.659,35.1,26.192
Maldives,MDV,2002,72.36,31.1,20.859
Maldives,MDV,2003,73.263,27.4,17.387
Maldives,MDV,2004,73.008,27.2,16.059
Maldives,MDV,2005,74.785,21.6,14.458
Maldives,MDV,2006,75.256,19.4,13.941
Maldives,MDV,2007,75.711,17.6,14.579
Maldives,MDV,2008,75.999,16.1,16.297
Maldives,MDV,2009,76.371,14.9,17.963
Maldives,MDV,2010,76.756,13.8,17.507
Maldives,MDV,2011,77.141,12.9,16.781
Maldives,MDV,2012,77.512,12.1,15.737
Maldives,MDV,2013,77.847,11.3,14.021
Maldives,MDV,2014,78.187,10.6,12.978
Maldives,MDV,2015,78.607,9.9,11.718
Maldives,MDV,2016,78.913,9.2,10.319
Maldives,MDV,2017,79.228,8.6,9.104
Maldives,MDV,2018,79.433,8.0,7.831
Maldives,MDV,2019,79.707,7.4,6.866
Maldives,MDV,2020,78.713,6.9,6.362
Maldives,MDV,2021,78.052,6.4,6.036
Maldives,MDV,2022,80.76,6.0,5.648
Maldives,MDV,2023,81.041,5.7,5.425
Maldives,MDV,2024,81.285,5.4,5.027
Marshall Islands,MHL,1990,61.756,47.8,143.388
Marshall Islands,MHL,1991,61.792,46.1,141.095
Marshall Islands,MHL,1992,61.9,44.6,139.746
Marshall Islands,MHL,1993,62.085,43.3,136.963
Marshall Islands,MHL,1994,62.308,42.4,132.266
Marshall Islands,MHL,1995,62.515,41.9,125.691
Marshall Islands,MHL,1996,62.765,41.8,120.784
Marshall Islands,MHL,1997,63.015,42.0,117.002
Marshall Islands,MHL,1998,63.218,42.3,113.766
Marshall Islands,MHL,1999,63.421,42.6,111.206
Marshall Islands,MHL,2000,63.323,42.7,108.665
Marshall Islands,MHL,2001,63.735,42.7,106.369
Marshall Islands,MHL,2002,63.848,42.5,104.179
Marshall Islands,MHL,2003,63.956,42.2,104.053
Marshall Islands,MHL,2004,64.044,41.8,105.772
Marshall Islands,MHL,2005,64.112,41.3,106.582
Marshall Islands,MHL,2006,64.207,40.9,103.175
Marshall Islands,MHL,2007,64.259,40.4,101.275
Marshall Islands,MHL,2008,64.3,40.0,98.396
Marshall Islands,MHL,2009,64.395,39.5,94.011
Marshall Islands,MHL,2010,64.498,39.0,88.063
Marshall Islands,MHL,2011,64.641,38.4,82.985
Marshall Islands,MHL,2012,64.776,37.8,79.094
Marshall Islands,MHL,2013,64.954,37.0,76.071
Marshall Islands,MHL,2014,65.11,36.1,74.803
Marshall Islands,MHL,2015,65.292,35.2,73.945
Marshall Islands,MHL,2016,65.477,34.2,73.775
Marshall Islands,MHL,2017,65.673,33.2,74.461
Marshall Islands,MHL,2018,65.87,32.2,74.292
Marshall Islands,MHL,2019,66.047,31.2,73.127
Marshall Islands,MHL,2020,65.387,30.3,71.556
Marshall Islands,MHL,2021,65.421,29.4,71.146
Marshall Islands,MHL,2022,66.725,28.5,71.135
Marshall Islands,MHL,2023,66.945,27.6,71.839
Marshall Islands,MHL,2024,67.075,26.7,71.255
Myanmar,MMR,1990,57.159,114.6,49.723
Myanmar,MMR,1991,57.395,112.1,49.225
Myanmar,MMR,1992,57.681,109.4,48.406
Myanmar,MMR,1993,58.032,106.8,47.828
Myanmar,MMR,1994,58.326,104.1,45.555
Myanmar,MMR,1995,58.671,101.5,43.995
Myanmar,MMR,1996,59.169,98.8,42.966
Myanmar,MMR,1997,59.523,96.3,42.546
Myanmar,MMR,1998,59.896,93.8,41.859
Myanmar,MMR,1999,60.107,91.4,41.056
Myanmar,MMR,2000,60.357,88.9,40.016
Myanmar,MMR,2001,60.64,86.5,39.78
Myanmar,MMR,2002,60.925,84.1,40.601
Myanmar,MMR,2003,61.196,81.6,39.918
Myanmar,MMR,2004,61.443,79.1,38.743
Myanmar,MMR,2005,61.72,76.3,37.729
Myanmar,MMR,2006,62.026,73.6,36.525
Myanmar,MMR,2007,62.367,70.8,36.295
Myanmar,MMR,2008,56.364,101.7,36.04
Myanmar,MMR,2009,63.095,65.1,35.636
Myanmar,MMR,2010,63.479,62.4,35.257
Myanmar,MMR,2011,63.859,59.7,34.896
Myanmar,MMR,2012,64.251,57.0,34.714
Myanmar,MMR,2013,64.617,54.6,34.728
Myanmar,MMR,2014,64.994,52.4,34.917
Myanmar,MMR,2015,65.288,50.5,35.166
Myanmar,MMR,2016,65.64,48.7,35.197
Myanmar,MMR,2017,65.909,46.8,34.86
Myanmar,MMR,2018,66.232,45.2,34.528
Myanmar,MMR,2019,66.457,43.6,34.355
Myanmar,MMR,2020,66.612,42.1,34.244
Myanmar,MMR,2021,65.553,40.8,34.141
Myanmar,MMR,2022,66.506,39.5,33.819
Myanmar,MMR,2023,66.889,38.1,33.506
Myanmar,MMR,2024,67.095,36.9,33.193
Mongolia,MNG,1990,58.8011951219512,106.1,36.174
Mongolia,MNG,1991,59.8047317073171,101.7,38.472
Mongolia,MNG,1992,60.4307073170732,97.6,40.754
Mongolia,MNG,1993,60.8242195121951,93.6,39.983
Mongolia,MNG,1994,60.859,89.7,37.514
Mongolia,MNG,1995,60.892512195122,85.8,34.162
Mongolia,MNG,1996,60.994,81.5,34.77
Mongolia,MNG,1997,61.414512195122,77.1,35.721
Mongolia,MNG,1998,62.0830731707317,72.4,30.169
Mongolia,MNG,1999,62.7895365853659,67.5,29.749
Mongolia,MNG,2000,63.2104878048781,62.5,27.783
Mongolia,MNG,2001,63.3917073170732,57.7,26.664
Mongolia,MNG,2002,63.540243902439,52.9,21.636
Mongolia,MNG,2003,63.5753658536585,48.5,18.909
Mongolia,MNG,2004,64.630243902439,44.3,17.612
Mongolia,MNG,2005,65.2807317073171,40.5,17.081
Mongolia,MNG,2006,65.9021951219512,37.0,20.361
Mongolia,MNG,2007,66.5934146341464,33.8,20.473
Mongolia,MNG,2008,67.2460975609756,31.0,21.593
Mongolia,MNG,2009,67.9690243902439,28.5,22.192
Mongolia,MNG,2010,68.5056097560976,26.3,21.697
Mongolia,MNG,2011,69.109268292683,24.4,24.112
Mongolia,MNG,2012,69.500243902439,22.8,30.11
Mongolia,MNG,2013,70.0980487804878,21.5,29.434
Mongolia,MNG,2014,70.5831707317073,20.4,28.771
Mongolia,MNG,2015,70.810243902439,19.4,30.26
Mongolia,MNG,2016,70.2239024390244,18.4,32.505
Mongolia,MNG,2017,70.5434146341463,17.4,31.975
Mongolia,MNG,2018,70.8270731707317,16.4,30.995
Mongolia,MNG,2019,71.0531707317073,15.6,29.724
Mongolia,MNG,2020,71.3490243902439,14.8,26.135
Mongolia,MNG,2021,71.6451219512195,14.3,22.428
Mongolia,MNG,2022,71.9007317073171,13.9,20.539
Mongolia,MNG,2023,72.1224390243902,13.6,19.739
Mongolia,MNG,2024,72.3980487804878,13.4,19.045
Malaysia,MYS,1990,70.952,16.6,18.974
Malaysia,MYS,1991,71.219,15.8,19.186
Malaysia,MYS,1992,71.483,15.1,19.142
Malaysia,MYS,1993,71.721,14.4,18.537
Malaysia,MYS,1994,71.865,13.9,18.205
Malaysia,MYS,1995,71.979,13.3,16.956
Malaysia,MYS,1996,72.119,12.8,16.303
Malaysia,MYS,1997,72.296,12.3,15.252
Malaysia,MYS,1998,72.385,11.6,14.019
Malaysia,MYS,1999,72.428,10.7,12.753
Malaysia,MYS,2000,72.732,9.9,12.357
Malaysia,MYS,2001,73.08,9.3,14.034
Malaysia,MYS,2002,73.469,8.8,13.449
Malaysia,MYS,2003,73.727,8.6,13.192
Malaysia,MYS,2004,74.027,8.4,12.733
Malaysia,MYS,2005,74.37,8.3,12.145
Malaysia,MYS,2006,74.697,8.3,11.541
Malaysia,MYS,2007,74.961,8.3,11.496
Malaysia,MYS,2008,75.151,8.2,12.641
Malaysia,MYS,2009,75.269,8.2,13.417
Malaysia,MYS,2010,75.376,8.1,13.684
Malaysia,MYS,2011,75.488,8.1,13.737
Malaysia,MYS,2012,75.552,8.0,13.33
Malaysia,MYS,2013,75.464,8.0,13.349
Malaysia,MYS,2014,75.345,8.1,12.866
Malaysia,MYS,2015,75.288,8.2,11.778
Malaysia,MYS,2016,75.371,8.2,10.46
Malaysia,MYS,2017,75.542,8.2,9.505
Malaysia,MYS,2018,75.734,8.2,8.878
Malaysia,MYS,2019,75.9,8.2,8.45
Malaysia,MYS,2020,76.057,8.2,7.634
Malaysia,MYS,2021,73.917,8.2,6.364
Malaysia,MYS,2022,75.444,8.2,5.975
Malaysia,MYS,2023,76.657,8.3,5.962
Malaysia,MYS,2024,76.821,8.3,5.72
Nepal,NPL,1990,54.771,138.4,134.737
Nepal,NPL,1991,55.65,131.3,132.557
Nepal,NPL,1992,56.686,124.3,136.358
Nepal,NPL,1993,57.597,117.7,137.549
Nepal,NPL,1994,58.631,111.4,135.082
Nepal,NPL,1995,59.323,105.3,139.239
Nepal,NPL,1996,60.044,99.5,132.043
Nepal,NPL,1997,60.823,94.0,124.575
Nepal,NPL,1998,61.532,88.7,125.278
Nepal,NPL,1999,62.035,83.6,120.058
Nepal,NPL,2000,62.642,78.7,118.816
Nepal,NPL,2001,63.288,74.3,118.047
Nepal,NPL,2002,63.507,70.2,115.0
Nepal,NPL,2003,64.229,66.5,111.926
Nepal,NPL,2004,64.744,63.1,106.216
Nepal,NPL,2005,65.275,60.0,101.456
Nepal,NPL,2006,65.891,57.3,95.034
Nepal,NPL,2007,66.169,54.7,89.634
Nepal,NPL,2008,66.442,52.4,85.221
Nepal,NPL,2009,66.6,50.1,82.717
Nepal,NPL,2010,66.772,47.9,79.643
Nepal,NPL,2011,67.123,45.8,80.049
Nepal,NPL,2012,67.364,43.7,81.5
Nepal,NPL,2013,67.598,41.7,82.881
Nepal,NPL,2014,67.812,39.7,84.501
Nepal,NPL,2015,67.374,37.8,81.619
Nepal,NPL,2016,68.444,36.0,78.814
Nepal,NPL,2017,68.74,34.2,75.975
Nepal,NPL,2018,69.036,32.6,72.782
Nepal,NPL,2019,69.299,31.0,71.667
Nepal,NPL,2020,69.106,29.6,70.275
Nepal,NPL,2021,68.385,28.3,68.777
Nepal,NPL,2022,70.087,27.1,68.33
Nepal,NPL,2023,70.354,26.1,67.169
Nepal,NPL,2024,70.636,25.1,66.489
Nauru,NRU,1990,59.102,66.9,65.453
Nauru,NRU,1991,59.312,63.6,66.468
Nauru,NRU,1992,59.518,60.3,66.949
Nauru,NRU,1993,59.761,57.2,65.718
Nauru,NRU,1994,59.954,54.4,65.254
Nauru,NRU,1995,60.063,51.8,66.265
Nauru,NRU,1996,60.07,49.4,67.408
Nauru,NRU,1997,59.985,47.1,68.653
Nauru,NRU,1998,59.86,45.0,70.212
Nauru,NRU,1999,59.701,43.0,72.611
Nauru,NRU,2000,59.574,41.1,74.298
Nauru,NRU,2001,59.482,39.4,74.934
Nauru,NRU,2002,59.427,37.9,74.135
Nauru,NRU,2003,59.359,36.5,72.981
Nauru,NRU,2004,59.346,35.2,72.12
Nauru,NRU,2005,59.361,34.0,71.364
Nauru,NRU,2006,59.409,32.7,70.832
Nauru,NRU,2007,59.49,31.4,71.084
Nauru,NRU,2008,59.675,29.8,72.642
Nauru,NRU,2009,59.852,28.2,76.04
Nauru,NRU,2010,60.074,26.4,80.498
Nauru,NRU,2011,60.287,24.6,84.013
Nauru,NRU,2012,60.533,22.7,83.829
Nauru,NRU,2013,60.701,20.9,84.344
Nauru,NRU,2014,60.834,19.2,87.732
Nauru,NRU,2015,60.897,17.5,91.55
Nauru,NRU,2016,60.996,15.9,96.441
Nauru,NRU,2017,61.101,14.4,91.365
Nauru,NRU,2018,61.238,13.1,85.09
Nauru,NRU,2019,61.393,12.0,80.497
Nauru,NRU,2020,61.527,10.9,79.717
Nauru,NRU,2021,61.331,10.0,80.579
Nauru,NRU,2022,61.93,9.3,78.372
Nauru,NRU,2023,62.109,8.7,76.239
Nauru,NRU,2024,62.279,8.3,75.269
New Zealand,NZL,1990,75.3780487804878,11.2,35.566
New Zealand,NZL,1991,76.0317073170732,10.6,34.311
New Zealand,NZL,1992,76.1243902439025,10.0,33.276
New Zealand,NZL,1993,76.4341463414634,9.5,32.674
New Zealand,NZL,1994,76.8829268292683,9.1,31.719
New Zealand,NZL,1995,76.7341463414634,8.7,33.058
New Zealand,NZL,1996,76.7878048780488,8.4,32.945
New Zealand,NZL,1997,77.3341463414634,8.1,32.541
New Zealand,NZL,1998,78.0853658536585,7.8,29.592
New Zealand,NZL,1999,77.890243902439,7.6,29.351
New Zealand,NZL,2000,78.6365853658537,7.4,28.517
New Zealand,NZL,2001,78.6926829268293,7.2,27.677
New Zealand,NZL,2002,78.8463414634146,7.0,25.844
New Zealand,NZL,2003,79.1463414634146,6.9,26.026
New Zealand,NZL,2004,79.5487804878049,6.7,27.052
New Zealand,NZL,2005,79.8512195121951,6.6,27.06
New Zealand,NZL,2006,80.0487804878049,6.5,28.144
New Zealand,NZL,2007,80.1512195121951,6.4,31.476
New Zealand,NZL,2008,80.3512195121951,6.4,32.357
New Zealand,NZL,2009,80.7024390243902,6.3,29.868
New Zealand,NZL,2010,80.9048780487805,6.2,29.176
New Zealand,NZL,2011,81.1560975609756,6.1,26.315
New Zealand,NZL,2012,81.4073170731707,6.0,24.74
New Zealand,NZL,2013,81.4048780487805,5.9,21.843
New Zealand,NZL,2014,81.4568292682927,5.8,19.249
New Zealand,NZL,2015,81.6124390243903,5.6,18.773
New Zealand,NZL,2016,81.6585365853659,5.5,16.369
New Zealand,NZL,2017,81.8585365853659,5.4,15.069
New Zealand,NZL,2018,81.7073170731707,5.3,13.548
New Zealand,NZL,2019,82.0560975609756,5.2,13.083
New Zealand,NZL,2020,82.2560975609756,5.1,11.865
New Zealand,NZL,2021,82.2073170731707,5.0,10.911
New Zealand,NZL,2022,81.9585365853658,5.0,10.937
New Zealand,NZL,2023,81.7585365853659,4.9,10.879
New Zealand,NZL,2024,82.009756097561,4.7,10.254
Philippines,PHL,1990,64.382,55.8,52.628
Philippines,PHL,1991,64.622,52.6,52.013
Philippines,PHL,1992,65.353,49.7,47.369
Philippines,PHL,1993,65.661,47.1,45.68
Philippines,PHL,1994,66.0,44.9,44.176
Philippines,PHL,1995,66.311,43.0,46.093
Philippines,PHL,1996,66.691,41.3,46.276
Philippines,PHL,1997,66.994,39.9,43.906
Philippines,PHL,1998,67.212,38.7,44.889
Philippines,PHL,1999,67.503,37.7,44.468
Philippines,PHL,2000,67.789,36.8,45.864
Philippines,PHL,2001,67.829,36.0,48.786
Philippines,PHL,2002,67.886,35.2,44.993
Philippines,PHL,2003,68.049,34.4,44.98
Philippines,PHL,2004,68.301,33.6,47.029
Philippines,PHL,2005,68.423,32.8,47.422
Philippines,PHL,2006,68.172,32.0,51.363
Philippines,PHL,2007,68.549,31.3,52.989
Philippines,PHL,2008,68.643,30.7,56.382
Philippines,PHL,2009,68.631,30.1,59.675
Philippines,PHL,2010,68.883,29.5,61.604
Philippines,PHL,2011,69.096,29.0,59.19
Philippines,PHL,2012,69.237,28.6,57.855
Philippines,PHL,2013,69.283,28.3,57.429
Philippines,PHL,2014,69.311,28.0,55.117
Philippines,PHL,2015,69.45,27.9,53.606
Philippines,PHL,2016,69.49,27.8,50.165
Philippines,PHL,2017,69.966,27.8,46.852
Philippines,PHL,2018,69.761,27.9,42.908
Philippines,PHL,2019,69.68,28.0,38.109
Philippines,PHL,2020,70.097,28.0,34.477
Philippines,PHL,2021,66.675,27.9,32.45
Philippines,PHL,2022,69.472,27.5,32.161
Philippines,PHL,2023,69.833,27.0,31.887
Philippines,PHL,2024,69.946,26.5,31.316
Palau,PLW,1990,62.79,35.5,58.666
Palau,PLW,1991,62.849,34.8,59.389
Palau,PLW,1992,62.926,34.1,61.134
Palau,PLW,1993,62.98,33.3,63.222
Palau,PLW,1994,63.104,32.4,62.968
Palau,PLW,1995,63.255,31.5,59.132
Palau,PLW,1996,63.455,30.5,50.932
Palau,PLW,1997,63.707,29.5,42.429
Palau,PLW,1998,63.951,28.5,36.531
Palau,PLW,1999,64.23,27.5,31.248
Palau,PLW,2000,64.499,26.5,26.258
Palau,PLW,2001,64.8,25.5,27.016
Palau,PLW,2002,65.076,24.6,27.553
Palau,PLW,2003,65.446,23.7,27.79
Palau,PLW,2004,65.816,22.9,27.743
Palau,PLW,2005,66.219,22.1,27.704
Palau,PLW,2006,66.633,21.3,27.492
Palau,PLW,2007,67.113,20.6,27.826
Palau,PLW,2008,67.562,20.1,27.712
Palau,PLW,2009,67.99,19.7,27.997
Palau,PLW,2010,68.347,19.5,27.804
Palau,PLW,2011,68.638,19.5,28.808
Palau,PLW,2012,68.863,19.7,29.466
Palau,PLW,2013,68.981,20.1,29.731
Palau,PLW,2014,69.062,20.6,29.099
Palau,PLW,2015,69.07,21.3,27.059
Palau,PLW,2016,69.046,21.9,29.432
Palau,PLW,2017,69.019,22.5,30.058
Palau,PLW,2018,68.989,22.9,29.973
Palau,PLW,2019,68.982,23.0,30.425
Palau,PLW,2020,68.689,22.9,30.193
Palau,PLW,2021,68.563,22.7,30.02
Palau,PLW,2022,68.922,22.4,30.031
Palau,PLW,2023,69.269,21.9,29.927
Palau,PLW,2024,69.383,21.4,30.178
Papua New Guinea,PNG,1990,59.778,85.0,84.583
Papua New Guinea,PNG,1991,59.94,83.4,83.353
Papua New Guinea,PNG,1992,60.26,81.8,82.309
Papua New Guinea,PNG,1993,60.466,80.4,81.145
Papua New Guinea,PNG,1994,60.726,79.0,79.938
Papua New Guinea,PNG,1995,60.929,77.7,78.631
Papua New Guinea,PNG,1996,61.071,76.5,77.13
Papua New Guinea,PNG,1997,61.27,85.3,75.677
Papua New Guinea,PNG,1998,60.435,74.2,74.218
Papua New Guinea,PNG,1999,61.505,73.1,75.806
Papua New Guinea,PNG,2000,61.609,72.0,77.403
Papua New Guinea,PNG,2001,61.647,70.8,78.271
Papua New Guinea,PNG,2002,61.643,69.6,77.2
Papua New Guinea,PNG,2003,61.741,68.4,75.992
Papua New Guinea,PNG,2004,61.795,67.2,74.68
Papua New Guinea,PNG,2005,61.868,65.9,73.559
Papua New Guinea,PNG,2006,62.018,64.6,72.624
Papua New Guinea,PNG,2007,62.211,63.2,71.892
Papua New Guinea,PNG,2008,62.511,61.8,70.615
Papua New Guinea,PNG,2009,62.772,60.3,68.996
Papua New Guinea,PNG,2010,63.056,58.9,69.745
Papua New Guinea,PNG,2011,63.382,57.5,68.795
Papua New Guinea,PNG,2012,63.639,56.1,67.797
Papua New Guinea,PNG,2013,63.927,54.7,67.044
Papua New Guinea,PNG,2014,64.198,53.3,64.396
Papua New Guinea,PNG,2015,64.473,57.3,61.738
Papua New Guinea,PNG,2016,64.7,50.4,59.227
Papua New Guinea,PNG,2017,64.923,48.9,58.478
Papua New Guinea,PNG,2018,65.114,47.5,57.826
Papua New Guinea,PNG,2019,65.331,46.1,57.004
Papua New Guinea,PNG,2020,65.075,44.7,56.433
Papua New Guinea,PNG,2021,64.358,43.2,55.664
Papua New Guinea,PNG,2022,65.274,41.9,55.029
Papua New Guinea,PNG,2023,66.134,40.6,54.069
Papua New Guinea,PNG,2024,66.256,39.4,53.518
"Korea, Dem. People's Rep.",PRK,1990,70.484,40.7,2.992
"Korea, Dem. People's Rep.",PRK,1991,70.717,41.8,2.744
"Korea, Dem. People's Rep.",PRK,1992,71.009,42.5,2.473
"Korea, Dem. People's Rep.",PRK,1993,70.794,42.7,2.202
"Korea, Dem. People's Rep.",PRK,1994,70.472,42.5,1.988
"Korea, Dem. People's Rep.",PRK,1995,60.766,107.7,1.799
"Korea, Dem. People's Rep.",PRK,1996,60.82,106.2,1.616
"Korea, Dem. People's Rep.",PRK,1997,60.869,104.6,1.45
"Korea, Dem. People's Rep.",PRK,1998,60.887,103.2,1.33
"Korea, Dem. People's Rep.",PRK,1999,60.91,101.7,1.228
"Korea, Dem. People's Rep.",PRK,2000,60.911,100.2,1.134
"Korea, Dem. People's Rep.",PRK,2001,60.893,99.0,1.057
"Korea, Dem. People's Rep.",PRK,2002,60.877,97.8,0.976
"Korea, Dem. People's Rep.",PRK,2003,69.399,34.5,0.906
"Korea, Dem. People's Rep.",PRK,2004,69.294,33.8,0.842
"Korea, Dem. People's Rep.",PRK,2005,69.168,33.3,0.779
"Korea, Dem. People's Rep.",PRK,2006,69.061,32.8,0.751
"Korea, Dem. People's Rep.",PRK,2007,69.021,32.4,0.706
"Korea, Dem. People's Rep.",PRK,2008,69.303,31.0,0.672
"Korea, Dem. People's Rep.",PRK,2009,69.702,30.0,0.649
"Korea, Dem. People's Rep.",PRK,2010,70.246,28.7,0.64
"Korea, Dem. People's Rep.",PRK,2011,70.772,27.2,0.634
"Korea, Dem. People's Rep.",PRK,2012,71.317,25.7,0.627
"Korea, Dem. People's Rep.",PRK,2013,71.867,24.1,0.62
"Korea, Dem. People's Rep.",PRK,2014,72.451,22.6,0.612
"Korea, Dem. People's Rep.",PRK,2015,72.825,21.4,0.602
"Korea, Dem. People's Rep.",PRK,2016,72.971,20.6,0.592
"Korea, Dem. People's Rep.",PRK,2017,73.034,19.1,0.581
"Korea, Dem. People's Rep.",PRK,2018,73.02,18.4,0.57
"Korea, Dem. People's Rep.",PRK,2019,72.928,17.7,0.56
"Korea, Dem. People's Rep.",PRK,2020,72.783,17.4,0.552
"Korea, Dem. People's Rep.",PRK,2021,73.437,17.4,0.539
"Korea, Dem. People's Rep.",PRK,2022,73.641,17.7,0.525
"Korea, Dem. People's Rep.",PRK,2023,73.642,18.0,0.512
"Korea, Dem. People's Rep.",PRK,2024,73.743,16.7,0.505
Singapore,SGP,1990,75.2951219512195,7.7,7.367
Singapore,SGP,1991,75.6463414634146,6.9,7.415
Singapore,SGP,1992,75.9463414634146,6.3,7.286
Singapore,SGP,1993,76.0463414634146,5.8,7.231
Singapore,SGP,1994,76.1975609756098,5.4,6.64
Singapore,SGP,1995,76.2951219512195,5.1,6.182
Singapore,SGP,1996,76.5951219512195,4.8,6.168
Singapore,SGP,1997,76.8975609756097,4.6,6.263
Singapore,SGP,1998,77.3,4.3,6.55
Singapore,SGP,1999,77.5512195121951,4.1,7.094
Singapore,SGP,2000,77.9512195121951,3.9,7.808
Singapore,SGP,2001,78.2512195121951,3.6,7.234
Singapore,SGP,2002,78.5512195121951,3.4,7.076
Singapore,SGP,2003,79.0390243902439,3.2,6.108
Singapore,SGP,2004,79.490243902439,3.1,5.872
Singapore,SGP,2005,79.990243902439,3.0,5.938
Singapore,SGP,2006,80.1414634146341,2.9,5.645
Singapore,SGP,2007,80.4414634146342,2.9,5.417
Singapore,SGP,2008,80.790243902439,2.8,5.18
Singapore,SGP,2009,81.2414634146342,2.8,4.561
Singapore,SGP,2010,81.5414634146342,2.8,4.054
Singapore,SGP,2011,81.7439024390244,2.8,3.956
Singapore,SGP,2012,81.9951219512195,2.8,3.792
Singapore,SGP,2013,82.2463414634147,2.8,3.203
Singapore,SGP,2014,82.4951219512195,2.7,2.995
Singapore,SGP,2015,82.7439024390244,2.7,2.568
Singapore,SGP,2016,82.8463414634146,2.6,2.405
Singapore,SGP,2017,83.0951219512195,2.6,2.328
Singapore,SGP,2018,83.2975609756098,2.5,2.359
Singapore,SGP,2019,83.5951219512195,2.5,2.303
Singapore,SGP,2020,83.5439024390244,2.4,2.276
Singapore,SGP,2021,83.0926829268293,2.4,2.16
Singapore,SGP,2022,82.8951219512195,2.5,2.17
Singapore,SGP,2023,83.0975609756098,2.6,2.16
Singapore,SGP,2024,83.3463414634146,2.7,2.214
Solomon Islands,SLB,1990,66.194,38.1,100.764
Solomon Islands,SLB,1991,66.357,37.1,98.386
Solomon Islands,SLB,1992,66.471,36.1,95.96
Solomon Islands,SLB,1993,66.558,35.2,94.69
Solomon Islands,SLB,1994,66.661,34.3,93.217
Solomon Islands,SLB,1995,66.717,33.5,91.601
Solomon Islands,SLB,1996,66.739,32.8,89.061
Solomon Islands,SLB,1997,66.768,32.1,86.36
Solomon Islands,SLB,1998,66.89,31.5,83.422
Solomon Islands,SLB,1999,67.001,31.0,80.4
Solomon Islands,SLB,2000,67.116,30.5,77.555
Solomon Islands,SLB,2001,67.237,30.2,75.063
Solomon Islands,SLB,2002,67.35,29.8,72.642
Solomon Islands,SLB,2003,67.479,29.6,70.475
Solomon Islands,SLB,2004,67.628,29.3,68.475
Solomon Islands,SLB,2005,67.79,29.1,66.438
Solomon Islands,SLB,2006,67.968,28.8,65.277
Solomon Islands,SLB,2007,67.845,28.4,64.372
Solomon Islands,SLB,2008,68.336,28.0,63.257
Solomon Islands,SLB,2009,68.397,27.6,62.163
Solomon Islands,SLB,2010,68.669,27.2,61.759
Solomon Islands,SLB,2011,68.824,26.7,61.541
Solomon Islands,SLB,2012,68.961,26.2,61.143
Solomon Islands,SLB,2013,69.007,25.8,60.8
Solomon Islands,SLB,2014,68.984,25.4,60.574
Solomon Islands,SLB,2015,69.323,25.0,59.461
Solomon Islands,SLB,2016,69.501,24.6,58.323
Solomon Islands,SLB,2017,69.652,24.1,56.705
Solomon Islands,SLB,2018,69.806,23.6,54.75
Solomon Islands,SLB,2019,69.981,23.1,52.616
Solomon Islands,SLB,2020,69.258,22.5,52.236
Solomon Islands,SLB,2021,68.89,21.9,51.836
Solomon Islands,SLB,2022,70.409,21.3,51.179
Solomon Islands,SLB,2023,70.528,20.6,50.372
Solomon Islands,SLB,2024,70.694,20.0,49.388
Thailand,THA,1990,68.924,36.9,50.009
Thailand,THA,1991,69.132,34.8,51.134
Thailand,THA,1992,69.353,32.9,51.407
Thailand,THA,1993,69.568,31.1,51.656
Thailand,THA,1994,69.661,29.5,51.264
Thailand,THA,1995,69.757,28.0,48.135
Thailand,THA,1996,69.94,26.6,46.386
Thailand,THA,1997,70.362,25.2,43.678
Thailand,THA,1998,70.703,24.0,44.669
Thailand,THA,1999,70.979,22.8,42.062
Thailand,THA,2000,71.205,21.7,39.273
Thailand,THA,2001,71.52,20.7,40.092
Thailand,THA,2002,71.775,19.7,42.769
Thailand,THA,2003,72.101,18.9,45.681
Thailand,THA,2004,72.1,18.0,48.982
Thailand,THA,2005,72.894,17.2,48.3
Thailand,THA,2006,73.341,16.5,51.23
Thailand,THA,2007,73.779,15.9,52.083
Thailand,THA,2008,74.221,15.2,52.29
Thailand,THA,2009,74.669,14.7,52.655
Thailand,THA,2010,75.012,14.1,52.649
Thailand,THA,2011,75.302,13.6,54.228
Thailand,THA,2012,75.59,13.1,54.005
Thailand,THA,2013,75.96,12.7,52.618
Thailand,THA,2014,76.279,12.3,50.791
Thailand,THA,2015,76.563,11.9,48.671
Thailand,THA,2016,76.769,11.5,44.497
Thailand,THA,2017,76.989,11.1,39.181
Thailand,THA,2018,77.19,10.8,34.703
Thailand,THA,2019,77.197,10.4,31.21
Thailand,THA,2020,77.331,10.1,29.613
Thailand,THA,2021,77.606,9.8,27.475
Thailand,THA,2022,75.291,9.5,26.254
Thailand,THA,2023,76.412,9.2,26.145
Thailand,THA,2024,76.564,9.0,25.045
Timor-Leste,TLS,1990,45.185,228.0,63.179
Timor-Leste,TLS,1991,45.076,224.3,63.11
Timor-Leste,TLS,1992,46.19,212.8,63.156
Timor-Leste,TLS,1993,47.008,201.5,62.843
Timor-Leste,TLS,1994,47.861,193.1,62.605
Timor-Leste,TLS,1995,47.543,193.6,62.185
Timor-Leste,TLS,1996,48.26,184.8,61.617
Timor-Leste,TLS,1997,48.968,176.4,61.294
Timor-Leste,TLS,1998,48.583,178.0,61.138
Timor-Leste,TLS,1999,45.246,200.6,61.198
Timor-Leste,TLS,2000,58.097,111.5,60.988
Timor-Leste,TLS,2001,58.772,106.4,60.514
Timor-Leste,TLS,2002,59.477,101.5,60.075
Timor-Leste,TLS,2003,60.13,96.8,56.191
Timor-Leste,TLS,2004,60.743,92.3,53.413
Timor-Leste,TLS,2005,61.272,88.0,52.824
Timor-Leste,TLS,2006,61.881,84.0,52.012
Timor-Leste,TLS,2007,62.396,80.4,50.465
Timor-Leste,TLS,2008,62.858,76.9,49.076
Timor-Leste,TLS,2009,63.265,73.9,49.104
Timor-Leste,TLS,2010,63.66,71.0,45.984
Timor-Leste,TLS,2011,64.022,68.4,44.727
Timor-Leste,TLS,2012,64.384,65.9,43.249
Timor-Leste,TLS,2013,64.719,63.9,41.122
Timor-Leste,TLS,2014,65.027,61.9,38.949
Timor-Leste,TLS,2015,65.326,60.2,36.793
Timor-Leste,TLS,2016,65.61,58.7,34.913
Timor-Leste,TLS,2017,65.898,57.3,33.187
Timor-Leste,TLS,2018,66.204,56.0,31.719
Timor-Leste,TLS,2019,66.496,54.8,30.482
Timor-Leste,TLS,2020,66.919,53.4,29.407
Timor-Leste,TLS,2021,66.199,52.0,28.284
Timor-Leste,TLS,2022,67.368,50.7,27.87
Timor-Leste,TLS,2023,67.689,49.2,27.406
Timor-Leste,TLS,2024,67.904,47.6,26.784
Tonga,TON,1990,67.539,22.1,32.345
Tonga,TON,1991,67.749,21.3,30.478
Tonga,TON,1992,67.927,20.5,28.631
Tonga,TON,1993,68.157,19.9,26.852
Tonga,TON,1994,68.371,19.3,24.056
Tonga,TON,1995,68.592,18.8,23.049
Tonga,TON,1996,68.803,18.4,21.887
Tonga,TON,1997,69.012,18.1,21.925
Tonga,TON,1998,69.224,17.7,23.371
Tonga,TON,1999,69.431,17.3,25.581
Tonga,TON,2000,69.635,16.9,23.888
Tonga,TON,2001,69.8,16.5,22.809
Tonga,TON,2002,70.03,16.0,21.964
Tonga,TON,2003,70.228,15.6,21.506
Tonga,TON,2004,70.433,15.2,22.417
Tonga,TON,2005,70.56,14.8,23.055
Tonga,TON,2006,70.71,14.4,22.773
Tonga,TON,2007,70.887,14.0,22.868
Tonga,TON,2008,71.041,13.7,22.893
Tonga,TON,2009,70.949,13.4,23.1
Tonga,TON,2010,71.319,13.1,23.131
Tonga,TON,2011,71.437,12.8,23.403
Tonga,TON,2012,71.546,12.6,24.277
Tonga,TON,2013,71.65,12.3,25.355
Tonga,TON,2014,71.721,12.1,26.091
Tonga,TON,2015,71.851,11.9,25.571
Tonga,TON,2016,71.951,11.6,24.933
Tonga,TON,2017,72.066,11.4,25.43
Tonga,TON,2018,72.169,11.1,25.411
Tonga,TON,2019,72.292,10.9,25.256
Tonga,TON,2020,72.379,10.6,24.889
Tonga,TON,2021,72.13,10.4,24.728
Tonga,TON,2022,72.635,10.1,24.958
Tonga,TON,2023,72.895,9.8,24.841
Tonga,TON,2024,73.07,9.5,25.067
Tuvalu,TUV,1990,61.643,54.0,44.14
Tuvalu,TUV,1991,61.809,53.4,42.337
Tuvalu,TUV,1992,60.29,52.7,39.664
Tuvalu,TUV,1993,62.11,51.9,36.043
Tuvalu,TUV,1994,62.317,50.9,33.846
Tuvalu,TUV,1995,62.505,49.7,32.676
Tuvalu,TUV,1996,62.709,48.4,32.65
Tuvalu,TUV,1997,62.942,47.0,34.206
Tuvalu,TUV,1998,63.162,45.5,36.49
Tuvalu,TUV,1999,63.346,44.1,37.663
Tuvalu,TUV,2000,63.536,42.8,37.659
Tuvalu,TUV,2001,63.709,41.8,36.879
Tuvalu,TUV,2002,63.825,40.8,35.526
Tuvalu,TUV,2003,63.897,40.0,34.287
Tuvalu,TUV,2004,63.989,39.1,33.213
Tuvalu,TUV,2005,64.096,38.1,32.758
Tuvalu,TUV,2006,64.247,36.9,32.822
Tuvalu,TUV,2007,64.402,35.6,32.644
Tuvalu,TUV,2008,64.516,34.2,33.094
Tuvalu,TUV,2009,64.693,32.8,33.659
Tuvalu,TUV,2010,64.834,31.4,33.734
Tuvalu,TUV,2011,64.96,30.2,33.981
Tuvalu,TUV,2012,65.079,29.0,34.17
Tuvalu,TUV,2013,65.171,28.0,33.071
Tuvalu,TUV,2014,65.278,26.9,32.585
Tuvalu,TUV,2015,65.365,26.0,32.658
Tuvalu,TUV,2016,65.51,25.2,32.48
Tuvalu,TUV,2017,65.683,24.3,32.409
Tuvalu,TUV,2018,65.871,23.5,32.056
Tuvalu,TUV,2019,66.109,22.7,31.566
Tuvalu,TUV,2020,66.357,21.9,28.779
Tuvalu,TUV,2021,65.824,21.2,28.474
Tuvalu,TUV,2022,66.852,20.5,28.094
Tuvalu,TUV,2023,67.105,19.8,27.507
Tuvalu,TUV,2024,67.259,19.2,26.789
Viet Nam,VNM,1990,69.027,51.6,45.406
Viet Nam,VNM,1991,69.303,49.1,47.802
Viet Nam,VNM,1992,69.62,46.6,48.525
Viet Nam,VNM,1993,69.957,44.1,47.493
Viet Nam,VNM,1994,70.379,41.7,46.878
Viet Nam,VNM,1995,70.871,39.4,45.586
Viet Nam,VNM,1996,71.296,37.2,41.381
Viet Nam,VNM,1997,71.67,35.2,38.13
Viet Nam,VNM,1998,72.283,33.4,34.221
Viet Nam,VNM,1999,72.575,31.8,31.391
Viet Nam,VNM,2000,72.746,30.3,29.936
Viet Nam,VNM,2001,72.984,29.0,29.276
Viet Nam,VNM,2002,73.138,27.9,28.956
Viet Nam,VNM,2003,73.236,26.9,28.261
Viet Nam,VNM,2004,73.062,26.1,28.162
Viet Nam,VNM,2005,73.198,25.4,26.741
Viet Nam,VNM,2006,73.293,24.8,27.258
Viet Nam,VNM,2007,73.385,24.3,28.804
Viet Nam,VNM,2008,73.455,23.8,30.811
Viet Nam,VNM,2009,73.525,23.4,33.107
Viet Nam,VNM,2010,73.611,23.1,35.23
Viet Nam,VNM,2011,73.713,22.8,36.934
Viet Nam,VNM,2012,73.762,22.5,39.079
Viet Nam,VNM,2013,73.821,22.3,40.739
Viet Nam,VNM,2014,73.886,22.0,42.212
Viet Nam,VNM,2015,73.955,21.6,41.676
Viet Nam,VNM,2016,73.984,21.3,39.181
Viet Nam,VNM,2017,74.026,20.9,37.703
Viet Nam,VNM,2018,74.1,20.5,35.417
Viet Nam,VNM,2019,74.211,20.0,35.258
Viet Nam,VNM,2020,75.383,19.5,35.03
Viet Nam,VNM,2021,74.145,18.9,34.666
Viet Nam,VNM,2022,74.502,18.4,34.626
Viet Nam,VNM,2023,74.588,17.8,34.277
Viet Nam,VNM,2024,74.736,17.3,33.948
Vanuatu,VUT,1990,66.684,35.1,85.504
Vanuatu,VUT,1991,67.114,33.6,85.383
Vanuatu,VUT,1992,67.433,32.3,86.591
Vanuatu,VUT,1993,67.724,31.1,90.051
Vanuatu,VUT,1994,67.984,30.2,87.899
Vanuatu,VUT,1995,68.104,29.4,79.434
Vanuatu,VUT,1996,68.176,28.7,71.0
Vanuatu,VUT,1997,68.309,28.1,67.584
Vanuatu,VUT,1998,68.372,27.6,72.576
Vanuatu,VUT,1999,67.924,27.1,76.457
Vanuatu,VUT,2000,68.586,26.6,77.999
Vanuatu,VUT,2001,68.722,26.1,79.394
Vanuatu,VUT,2002,68.836,25.7,77.777
Vanuatu,VUT,2003,68.933,25.3,76.35
Vanuatu,VUT,2004,68.985,25.0,75.389
Vanuatu,VUT,2005,69.166,24.5,74.37
Vanuatu,VUT,2006,69.126,24.1,73.711
Vanuatu,VUT,2007,69.144,23.5,73.344
Vanuatu,VUT,2008,69.302,22.7,73.573
Vanuatu,VUT,2009,69.422,21.9,73.328
Vanuatu,VUT,2010,69.57,21.1,74.184
Vanuatu,VUT,2011,69.729,20.3,74.944
Vanuatu,VUT,2012,69.898,19.7,75.751
Vanuatu,VUT,2013,69.986,19.2,75.737
Vanuatu,VUT,2014,70.043,18.8,75.317
Vanuatu,VUT,2015,70.163,18.6,74.415
Vanuatu,VUT,2016,70.397,18.4,73.468
Vanuatu,VUT,2017,70.5,18.3,72.479
Vanuatu,VUT,2018,70.626,18.2,71.437
Vanuatu,VUT,2019,70.783,18.1,70.218
Vanuatu,VUT,2020,70.385,18.1,69.095
Vanuatu,VUT,2021,69.952,18.0,68.166
Vanuatu,VUT,2022,71.302,17.8,67.185
Vanuatu,VUT,2023,71.477,17.5,66.219
Vanuatu,VUT,2024,71.654,17.1,65.766
Samoa,WSM,1990,67.808,29.6,51.454
Samoa,WSM,1991,68.039,28.7,49.469
Samoa,WSM,1992,68.532,27.8,50.61
Samoa,WSM,1993,68.818,26.9,51.7
Samoa,WSM,1994,69.162,26.0,52.324
Samoa,WSM,1995,69.469,25.0,51.983
Samoa,WSM,1996,69.767,24.2,51.481
Samoa,WSM,1997,70.045,23.4,51.083
Samoa,WSM,1998,70.308,22.5,49.171
Samoa,WSM,1999,70.555,21.7,46.941
Samoa,WSM,2000,70.791,21.0,44.067
Samoa,WSM,2001,71.028,20.3,42.325
Samoa,WSM,2002,71.233,19.8,41.696
Samoa,WSM,2003,71.441,19.4,41.276
Samoa,WSM,2004,71.508,19.1,40.644
Samoa,WSM,2005,71.487,19.0,39.922
Samoa,WSM,2006,71.62,19.0,39.122
Samoa,WSM,2007,71.605,19.0,39.525
Samoa,WSM,2008,71.531,19.0,40.914
Samoa,WSM,2009,69.486,25.3,43.256
Samoa,WSM,2010,71.451,19.1,45.193
Samoa,WSM,2011,71.393,19.0,47.249
Samoa,WSM,2012,71.159,18.8,51.063
Samoa,WSM,2013,71.229,18.7,51.111
Samoa,WSM,2014,71.142,18.5,51.28
Samoa,WSM,2015,71.06,18.3,50.433
Samoa,WSM,2016,71.003,18.1,48.404
Samoa,WSM,2017,70.991,17.8,47.852
Samoa,WSM,2018,71.052,17.5,47.923
Samoa,WSM,2019,70.269,20.0,47.107
Samoa,WSM,2020,70.727,16.7,45.462
Samoa,WSM,2021,71.096,16.2,44.02
Samoa,WSM,2022,71.55,15.8,43.866
Samoa,WSM,2023,71.698,15.3,43.538
Samoa,WSM,2024,71.826,14.9,43.53
